0.13,0.617,0.001,204.299,0.5,2375.1,0.51,2501.13,0.0019,9.1523
1,0.657,0.001,192.445,4.2,2376.3,4.18,2502.73,0.0153,9.1291
2,0.706,0.001,179.764,8.4,2377.7,8.39,2504.57,0.0306,9.1027
3,0.758,0.001,168.014,12.6,2379,12.6,2506.4,0.0459,9.0765
4,0.814,0.001,157.121,16.8,2380.4,16.81,2508.24,0.0611,9.0506
5,0.873,0.001,147.017,21,2381.8,21.02,2510.07,0.0763,9.0249
6,0.935,0.001,137.638,25.2,2383.2,25.22,2511.91,0.0913,8.9994
7,1.002,0.001,128.928,29.4,2384.5,29.43,2513.74,0.1064,8.9742
8,1.073,0.001,120.834,33.6,2385.9,33.63,2515.57,0.1213,8.9492
9,1.148,0.001,113.309,37.8,2387.3,37.82,2517.4,0.1362,8.9244
10,1.228,0.001,106.309,42,2388.7,42.02,2519.23,0.1511,8.8998
11,1.313,0.001,99.793,46.2,2390,46.22,2521.06,0.1659,8.8755
12,1.403,0.001,93.724,50.4,2391.4,50.41,2522.89,0.1806,8.8514
13,1.498,0.001,88.070,54.6,2392.8,54.6,2524.71,0.1953,8.8275
14,1.599,0.001,82.798,58.8,2394.1,58.79,2526.54,0.2099,8.8038
15,1.706,0.001,77.881,63,2395.5,62.98,2528.36,0.2245,8.7804
16,1.819,0.001,73.292,67.2,2396.9,67.17,2530.19,0.239,8.7571
17,1.938,0.001,69.006,71.4,2398.3,71.36,2532.01,0.2534,8.7341
18,2.065,0.001,65.003,75.5,2399.6,75.55,2533.83,0.2678,8.7112
19,2.198,0.001,61.261,79.7,2401,79.73,2535.65,0.2822,8.6886
20,2.339,0.001,57.762,83.9,2402.4,83.92,2537.47,0.2965,8.6661
21,2.488,0.001,54.487,88.1,2403.7,88.1,2539.29,0.3108,8.6439
22,2.645,0.001,51.423,92.3,2405.1,92.29,2541.1,0.325,8.6218
23,2.811,0.001,48.552,96.5,2406.4,96.47,2542.92,0.3391,8.6
24,2.986,0.001,45.863,100.7,2407.8,100.66,2544.73,0.3532,8.5783
25,3.17,0.001,43.341,104.8,2409.2,104.84,2546.54,0.3673,8.5568
26,3.364,0.001,40.977,109,2410.5,109.02,2548.35,0.3813,8.5355
27,3.568,0.001,38.758,113.2,2411.9,113.2,2550.16,0.3952,8.5144
28,3.783,0.001,36.675,117.4,2413.2,117.38,2551.97,0.4091,8.4934
29,4.009,0.001,34.719,121.6,2414.6,121.56,2553.78,0.423,8.4727
30,4.247,0.001,32.882,125.7,2415.9,125.75,2555.58,0.4368,8.4521
31,4.497,0.001,31.154,129.9,2417.3,129.93,2557.39,0.4506,8.4317
32,4.759,0.00101,29.530,134.1,2418.7,134.11,2559.19,0.4643,8.4115
33,5.035,0.00101,28.001,138.3,2420,138.29,2560.99,0.478,8.3914
34,5.325,0.00101,26.562,142.5,2421.4,142.47,2562.79,0.4916,8.3715
35,5.629,0.00101,25.208,146.6,2422.7,146.64,2564.58,0.5052,8.3518
36,5.947,0.00101,23.932,150.8,2424,150.82,2566.38,0.5187,8.3323
37,6.282,0.00101,22.729,155,2425.4,155,2568.17,0.5322,8.3129
38,6.632,0.00101,21.595,159.2,2426.7,159.18,2569.96,0.5457,8.2936
39,7,0.00101,20.526,163.4,2428.1,163.36,2571.75,0.5591,8.2746
40,7.384,0.00101,19.517,167.5,2429.4,167.54,2573.54,0.5724,8.2557
41,7.787,0.00101,18.565,171.7,2430.8,171.72,2575.33,0.5858,8.2369
42,8.209,0.00101,17.665,175.9,2432.1,175.9,2577.11,0.599,8.2183
43,8.65,0.00101,16.816,180.1,2433.4,180.08,2578.89,0.6123,8.1999
44,9.112,0.00101,16.013,184.2,2434.8,184.26,2580.67,0.6255,8.1816
45,9.594,0.00101,15.253,188.4,2436.1,188.44,2582.45,0.6386,8.1634
46,10.099,0.00101,14.536,192.6,2437.4,192.62,2584.23,0.6517,8.1454
47,10.626,0.00101,13.856,196.8,2438.8,196.8,2586,0.6648,8.1276
48,11.176,0.00101,13.213,201,2440.1,200.98,2587.77,0.6778,8.1099
49,11.751,0.00101,12.605,205.1,2441.4,205.16,2589.54,0.6908,8.0923
50,12.351,0.00101,12.028,209.3,2442.8,209.34,2591.31,0.7038,8.0749
51,12.977,0.00101,11.482,213.5,2444.1,213.52,2593.08,0.7167,8.0576
52,13.631,0.00101,10.964,217.7,2445.4,217.7,2594.84,0.7296,8.0405
53,14.312,0.00101,10.473,221.9,2446.7,221.88,2596.6,0.7424,8.0235
54,15.022,0.00101,10.007,226,2448,226.06,2598.35,0.7552,8.0066
55,15.761,0.00101,9.565,230.2,2449.4,230.24,2600.11,0.768,7.9899
56,16.532,0.00102,9.145,234.4,2450.7,234.42,2601.86,0.7807,7.9733
57,17.335,0.00102,8.747,238.6,2452,238.61,2603.61,0.7934,7.9568
58,18.171,0.00102,8.369,242.8,2453.3,242.79,2605.36,0.806,7.9405
59,19.041,0.00102,8.009,247,2454.6,246.97,2607.1,0.8186,7.9243
60,19.946,0.00102,7.668,251.1,2455.9,251.15,2608.85,0.8312,7.9082
61,20.887,0.00102,7.343,255.3,2457.2,255.34,2610.58,0.8438,7.8922
62,21.866,0.00102,7.034,259.5,2458.5,259.52,2612.32,0.8563,7.8764
63,22.884,0.00102,6.740,263.7,2459.8,263.71,2614.05,0.8687,7.8607
64,23.942,0.00102,6.460,267.9,2461.1,267.89,2615.78,0.8811,7.8451
65,25.041,0.00102,6.194,272.1,2462.4,272.08,2617.51,0.8935,7.8296
66,26.183,0.00102,5.940,276.2,2463.7,276.27,2619.23,0.9059,7.8142
67,27.368,0.00102,5.699,280.4,2465,280.45,2620.96,0.9182,7.799
68,28.599,0.00102,5.468,284.6,2466.3,284.64,2622.67,0.9305,7.7839
69,29.876,0.00102,5.249,288.8,2467.6,288.83,2624.39,0.9428,7.7689
70,31.201,0.00102,5.040,293,2468.9,293.02,2626.1,0.955,7.754
71,32.575,0.00102,4.840,297.2,2470.1,297.21,2627.81,0.9672,7.7392
72,34,0.00102,4.650,301.4,2471.4,301.4,2629.51,0.9793,7.7245
73,35.478,0.00102,4.468,305.6,2472.7,305.59,2631.21,0.9915,7.71
74,37.009,0.00103,4.295,309.7,2474,309.78,2632.91,1.0035,7.6955
75,38.595,0.00103,4.129,313.9,2475.2,313.97,2634.6,1.0156,7.6812
76,40.239,0.00103,3.971,318.1,2476.5,318.17,2636.29,1.0276,7.6669
77,41.941,0.00103,3.820,322.3,2477.8,322.36,2637.98,1.0396,7.6528
78,43.703,0.00103,3.675,326.5,2479,326.56,2639.66,1.0516,7.6388
79,45.527,0.00103,3.537,330.7,2480.3,330.75,2641.34,1.0635,7.6248
80,47.415,0.00103,3.405,334.9,2481.6,334.95,2643.01,1.0754,7.611
81,49.368,0.00103,3.279,339.1,2482.8,339.15,2644.68,1.0873,7.5973
82,51.387,0.00103,3.158,343.3,2484.1,343.34,2646.35,1.0991,7.5837
83,53.476,0.00103,3.043,347.5,2485.3,347.54,2648.01,1.1109,7.5701
84,55.636,0.00103,2.932,351.7,2486.6,351.74,2649.67,1.1227,7.5567
85,57.867,0.00103,2.826,355.9,2487.8,355.95,2651.33,1.1344,7.5434
86,60.174,0.00103,2.724,360.1,2489,360.15,2652.98,1.1461,7.5301
87,62.556,0.00103,2.627,364.3,2490.3,364.35,2654.62,1.1578,7.517
88,65.017,0.00103,2.534,368.5,2491.5,368.56,2656.26,1.1694,7.5039
89,67.559,0.00104,2.445,372.7,2492.7,372.76,2657.9,1.1811,7.4909
90,70.182,0.00104,2.359,376.9,2494,376.97,2659.53,1.1927,7.4781
91,72.89,0.00104,2.277,381.1,2495.2,381.18,2661.16,1.2042,7.4653
92,75.685,0.00104,2.198,385.3,2496.4,385.38,2662.78,1.2158,7.4526
93,78.568,0.00104,2.123,389.5,2497.6,389.59,2664.39,1.2273,7.44
94,81.542,0.00104,2.050,393.7,2498.8,393.81,2666.01,1.2387,7.4275
95,84.609,0.00104,1.981,397.9,2500,398.02,2667.61,1.2502,7.415
96,87.771,0.00104,1.914,402.1,2501.2,402.23,2669.22,1.2616,7.4027
97,91.031,0.00104,1.850,406.4,2502.4,406.45,2670.81,1.273,7.3904
98,94.39,0.00104,1.788,410.6,2503.6,410.66,2672.4,1.2844,7.3782
99,97.852,0.00104,1.729,414.8,2504.8,414.88,2673.99,1.2957,7.3661
100,101.418,0.00104,1.672,419,2506,419.1,2675.57,1.307,7.3541
101,105.091,0.00104,1.617,423.2,2507.2,423.32,2677.15,1.3183,7.3421
102,108.873,0.00105,1.565,427.4,2508.4,427.54,2678.72,1.3296,7.3303
103,112.768,0.00105,1.514,431.6,2509.6,431.76,2680.28,1.3408,7.3185
104,116.776,0.00105,1.465,435.9,2510.7,435.99,2681.84,1.352,7.3068
105,120.902,0.00105,1.419,440.1,2511.9,440.21,2683.39,1.3632,7.2951
106,125.147,0.00105,1.373,444.3,2513.1,444.44,2684.94,1.3743,7.2836
107,129.514,0.00105,1.330,448.5,2514.2,448.67,2686.48,1.3854,7.2721
108,134.007,0.00105,1.288,452.8,2515.4,452.9,2688.02,1.3965,7.2607
109,138.626,0.00105,1.248,457,2516.5,457.13,2689.55,1.4076,7.2493
110,143.376,0.00105,1.209,461.2,2517.7,461.36,2691.07,1.4187,7.238
111,148.259,0.00105,1.172,465.4,2518.8,465.6,2692.58,1.4297,7.2268
112,153.277,0.00105,1.136,469.7,2519.9,469.83,2694.09,1.4407,7.2157
113,158.435,0.00105,1.102,473.9,2521.1,474.07,2695.6,1.4517,7.2047
114,163.734,0.00106,1.068,478.1,2522.2,478.31,2697.09,1.4626,7.1937
115,169.177,0.00106,1.036,482.4,2523.3,482.55,2698.58,1.4735,7.1827
116,174.768,0.00106,1.005,486.6,2524.4,486.8,2700.07,1.4844,7.1719
117,180.509,0.00106,0.975,490.8,2525.6,491.04,2701.55,1.4953,7.1611
118,186.404,0.00106,0.946,495.1,2526.7,495.29,2703.02,1.5062,7.1504
119,192.455,0.00106,0.918,499.3,2527.8,499.53,2704.48,1.517,7.1397
120,198.665,0.00106,0.891,503.6,2528.9,503.78,2705.93,1.5278,7.1291
121,205.039,0.00106,0.865,507.8,2530,508.04,2707.38,1.5386,7.1186
122,211.578,0.00106,0.840,512.1,2531,512.29,2708.82,1.5494,7.1081
123,218.287,0.00106,0.816,516.3,2532.1,516.55,2710.26,1.5601,7.0977
124,225.168,0.00106,0.793,520.6,2533.2,520.8,2711.69,1.5708,7.0873
125,232.224,0.00106,0.770,524.8,2534.3,525.06,2713.11,1.5815,7.077
126,239.46,0.00107,0.748,529.1,2535.3,529.32,2714.52,1.5922,7.0668
127,246.878,0.00107,0.727,533.3,2536.4,533.59,2715.92,1.6028,7.0566
128,254.481,0.00107,0.707,537.6,2537.4,537.85,2717.32,1.6134,7.0465
129,262.274,0.00107,0.687,541.8,2538.5,542.12,2718.71,1.624,7.0364
130,270.26,0.00107,0.668,546.1,2539.5,546.39,2720.09,1.6346,7.0264
131,278.441,0.00107,0.650,550.4,2540.6,550.66,2721.46,1.6452,7.0165
132,286.823,0.00107,0.632,554.6,2541.6,554.93,2722.83,1.6557,7.0066
133,295.407,0.00107,0.615,558.9,2542.6,559.21,2724.18,1.6662,6.9967
134,304.199,0.00107,0.598,563.2,2543.6,563.49,2725.53,1.6767,6.9869
135,313.201,0.00107,0.582,567.4,2544.6,567.77,2726.87,1.6872,6.9772
136,322.417,0.00108,0.566,571.7,2545.7,572.05,2728.2,1.6977,6.9675
137,331.852,0.00108,0.551,576,2546.7,576.33,2729.53,1.7081,6.9579
138,341.508,0.00108,0.536,580.3,2547.6,580.62,2730.84,1.7185,6.9483
139,351.39,0.00108,0.522,584.5,2548.6,584.91,2732.15,1.7289,6.9388
140,361.501,0.00108,0.509,588.8,2549.6,589.2,2733.44,1.7393,6.9293
141,371.845,0.00108,0.495,593.1,2550.6,593.49,2734.73,1.7496,6.9198
142,382.427,0.00108,0.482,597.4,2551.6,597.79,2736.01,1.76,6.9105
143,393.25,0.00108,0.470,601.7,2552.5,602.09,2737.28,1.7703,6.9011
144,404.318,0.00108,0.458,606,2553.5,606.39,2738.54,1.7806,6.8918
145,415.635,0.00109,0.446,610.2,2554.4,610.69,2739.8,1.7909,6.8826
146,427.205,0.00109,0.435,614.5,2555.4,615,2741.04,1.8011,6.8734
147,439.033,0.00109,0.424,618.8,2556.3,619.31,2742.27,1.8114,6.8642
148,451.122,0.00109,0.413,623.1,2557.2,623.62,2743.5,1.8216,6.8551
149,463.477,0.00109,0.403,627.4,2558.1,627.93,2744.71,1.8318,6.8461
150,476.101,0.00109,0.393,631.7,2559,632.25,2745.92,1.842,6.837
151,489,0.00109,0.383,636,2560,636.57,2747.12,1.8521,6.8281
152,502.177,0.00109,0.373,640.3,2560.9,640.89,2748.3,1.8623,6.8191
153,515.637,0.00109,0.364,644.7,2561.7,645.22,2749.48,1.8724,6.8102
154,529.383,0.0011,0.355,649,2562.6,649.55,2750.64,1.8825,6.8014
155,543.422,0.0011,0.347,653.3,2563.5,653.88,2751.8,1.8926,6.7926
156,557.755,0.0011,0.338,657.6,2564.4,658.21,2752.95,1.9027,6.7838
157,572.39,0.0011,0.330,661.9,2565.2,662.55,2754.08,1.9127,6.7751
158,587.329,0.0011,0.322,666.2,2566.1,666.89,2755.21,1.9228,6.7664
159,602.577,0.0011,0.314,670.6,2566.9,671.23,2756.33,1.9328,6.7577
160,618.139,0.0011,0.307,674.9,2567.8,675.57,2757.43,1.9428,6.7491
161,634.02,0.0011,0.300,679.2,2568.6,679.92,2758.53,1.9528,6.7405
162,650.224,0.0011,0.293,683.6,2569.4,684.28,2759.61,1.9627,6.732
163,666.755,0.00111,0.286,687.9,2570.2,688.63,2760.68,1.9727,6.7235
164,683.619,0.00111,0.279,692.2,2571.1,692.99,2761.75,1.9826,6.715
165,700.82,0.00111,0.273,696.6,2571.9,697.35,2762.8,1.9926,6.7066
166,718.364,0.00111,0.266,700.9,2572.6,701.71,2763.84,2.0025,6.6982
167,736.254,0.00111,0.260,705.3,2573.4,706.08,2764.87,2.0123,6.6898
168,754.495,0.00111,0.254,709.6,2574.2,710.45,2765.89,2.0222,6.6815
169,773.094,0.00111,0.248,714,2575,714.83,2766.9,2.0321,6.6732
170,792.053,0.00111,0.243,718.3,2575.7,719.21,2767.89,2.0419,6.6649
171,811.379,0.00112,0.237,722.7,2576.5,723.59,2768.88,2.0518,6.6567
172,831.077,0.00112,0.232,727,2577.2,727.97,2769.85,2.0616,6.6485
173,851.15,0.00112,0.227,731.4,2578,732.36,2770.82,2.0714,6.6404
174,871.606,0.00112,0.222,735.8,2578.7,736.75,2771.77,2.0811,6.6322
175,892.447,0.00112,0.217,740.2,2579.4,741.15,2772.7,2.0909,6.6241
176,913.681,0.00112,0.212,744.5,2580.1,745.55,2773.63,2.1007,6.6161
177,935.311,0.00112,0.207,748.9,2580.8,749.95,2774.55,2.1104,6.608
178,957.343,0.00112,0.203,753.3,2581.5,754.36,2775.45,2.1201,6.6
179,979.783,0.00113,0.198,757.7,2582.2,758.77,2776.34,2.1298,6.592
180,1002.635,0.00113,0.194,762.1,2582.8,763.19,2777.22,2.1395,6.5841
181,1025.904,0.00113,0.190,766.4,2583.5,767.61,2778.09,2.1492,6.5761
182,1049.597,0.00113,0.186,770.8,2584.2,772.03,2778.94,2.1589,6.5682
183,1073.718,0.00113,0.182,775.2,2584.8,776.46,2779.78,2.1685,6.5604
184,1098.273,0.00113,0.178,779.6,2585.4,780.89,2780.61,2.1782,6.5525
185,1123.267,0.00113,0.174,784.1,2586.1,785.32,2781.43,2.1878,6.5447
186,1148.706,0.00114,0.170,788.5,2586.7,789.76,2782.23,2.1974,6.5369
187,1174.595,0.00114,0.167,792.9,2587.3,794.21,2783.02,2.207,6.5292
188,1200.939,0.00114,0.163,797.3,2587.9,798.66,2783.8,2.2166,6.5214
189,1227.745,0.00114,0.160,801.7,2588.5,803.11,2784.56,2.2262,6.5137
190,1255.018,0.00114,0.156,806.1,2589.1,807.57,2785.31,2.2358,6.506
191,1282.763,0.00114,0.153,810.6,2589.6,812.03,2786.05,2.2453,6.4983
192,1310.986,0.00114,0.150,815,2590.2,816.49,2786.77,2.2549,6.4907
193,1339.693,0.00115,0.147,819.4,2590.7,820.96,2787.48,2.2644,6.4831
194,1368.89,0.00115,0.144,823.9,2591.3,825.44,2788.18,2.2739,6.4755
195,1398.581,0.00115,0.141,828.3,2591.8,829.92,2788.86,2.2834,6.4679
196,1428.774,0.00115,0.138,832.8,2592.3,834.4,2789.53,2.2929,6.4603
197,1459.474,0.00115,0.135,837.2,2592.8,838.89,2790.18,2.3024,6.4528
198,1490.686,0.00115,0.133,841.7,2593.3,843.39,2790.82,2.3119,6.4453
199,1522.417,0.00115,0.130,846.1,2593.8,847.89,2791.45,2.3213,6.4378
200,1554.672,0.00116,0.127,850.6,2594.3,852.39,2792.06,2.3308,6.4303
201,1587.457,0.00116,0.125,855.1,2594.7,856.9,2792.66,2.3402,6.4228
202,1620.779,0.00116,0.122,859.5,2595.2,861.42,2793.24,2.3497,6.4154
203,1654.644,0.00116,0.120,864,2595.6,865.94,2793.81,2.3591,6.408
204,1689.056,0.00116,0.117,868.5,2596.1,870.46,2794.36,2.3685,6.4006
205,1724.023,0.00116,0.115,873,2596.5,874.99,2794.9,2.3779,6.3932
206,1759.551,0.00117,0.113,877.5,2596.9,879.53,2795.42,2.3873,6.3858
207,1795.646,0.00117,0.111,882,2597.3,884.07,2795.93,2.3967,6.3785
208,1832.313,0.00117,0.109,886.5,2597.7,888.62,2796.42,2.406,6.3711
209,1869.559,0.00117,0.106,891,2598,893.17,2796.89,2.4154,6.3638
210,1907.391,0.00117,0.104,895.5,2598.4,897.73,2797.35,2.4248,6.3565
211,1945.814,0.00117,0.102,900,2598.8,902.29,2797.8,2.4341,6.3492
212,1984.835,0.00118,0.100,904.5,2599.1,906.86,2798.22,2.4434,6.342
213,2024.46,0.00118,0.098,909.1,2599.4,911.44,2798.64,2.4528,6.3347
214,2064.695,0.00118,0.097,913.6,2599.7,916.02,2799.03,2.4621,6.3275
215,2105.547,0.00118,0.095,918.1,2600,920.61,2799.41,2.4714,6.3202
216,2147.023,0.00118,0.093,922.7,2600.3,925.2,2799.77,2.4807,6.313
217,2189.128,0.00118,0.091,927.2,2600.6,929.8,2800.12,2.49,6.3058
218,2231.87,0.00119,0.089,931.8,2600.9,934.41,2800.45,2.4993,6.2986
219,2275.254,0.00119,0.088,936.3,2601.1,939.02,2800.76,2.5085,6.2914
220,2319.288,0.00119,0.086,940.9,2601.4,943.64,2801.05,2.5178,6.2842
221,2363.977,0.00119,0.085,945.4,2601.6,948.27,2801.33,2.5271,6.2771
222,2409.329,0.00119,0.083,950,2601.8,952.9,2801.59,2.5363,6.2699
223,2455.35,0.0012,0.081,954.6,2602,957.54,2801.83,2.5456,6.2628
224,2502.046,0.0012,0.080,959.2,2602.2,962.19,2802.05,2.5548,6.2557
225,2549.425,0.0012,0.078,963.8,2602.4,966.84,2802.26,2.5641,6.2485
226,2597.493,0.0012,0.077,968.4,2602.5,971.5,2802.45,2.5733,6.2414
227,2646.257,0.0012,0.076,973,2602.7,976.17,2802.61,2.5825,6.2343
228,2695.724,0.00121,0.074,977.6,2602.8,980.84,2802.76,2.5917,6.2272
229,2745.9,0.00121,0.073,982.2,2602.9,985.52,2802.9,2.6009,6.2201
230,2796.792,0.00121,0.072,986.8,2603,990.21,2803.01,2.6102,6.2131
231,2848.408,0.00121,0.070,991.5,2603.1,994.91,2803.1,2.6194,6.206
232,2900.754,0.00121,0.069,996.1,2603.2,999.61,2803.18,2.6285,6.1989
233,2953.838,0.00121,0.068,1000.7,2603.2,1004.32,2803.23,2.6377,6.1918
234,3007.665,0.00122,0.067,1005.4,2603.3,1009.04,2803.27,2.6469,6.1848
235,3062.244,0.00122,0.065,1010,2603.3,1013.77,2803.28,2.6561,6.1777
236,3117.58,0.00122,0.064,1014.7,2603.3,1018.5,2803.28,2.6653,6.1707
237,3173.682,0.00122,0.063,1019.4,2603.3,1023.24,2803.26,2.6744,6.1636
238,3230.557,0.00123,0.062,1024,2603.3,1028,2803.21,2.6836,6.1566
239,3288.211,0.00123,0.061,1028.7,2603.3,1032.76,2803.15,2.6928,6.1496
240,3346.652,0.00123,0.060,1033.4,2603.2,1037.52,2803.06,2.7019,6.1425
241,3405.887,0.00123,0.059,1038.1,2603.2,1042.3,2802.95,2.7111,6.1355
242,3465.923,0.00123,0.058,1042.8,2603.1,1047.08,2802.82,2.7203,6.1285
243,3526.768,0.00124,0.057,1047.5,2603,1051.88,2802.68,2.7294,6.1214
244,3588.428,0.00124,0.056,1052.2,2602.9,1056.68,2802.5,2.7385,6.1144
245,3650.912,0.00124,0.055,1057,2602.8,1061.49,2802.31,2.7477,6.1074
246,3714.226,0.00124,0.054,1061.7,2602.6,1066.31,2802.1,2.7568,6.1003
247,3778.379,0.00124,0.053,1066.4,2602.5,1071.14,2801.86,2.766,6.0933
248,3843.377,0.00125,0.052,1071.2,2602.3,1075.98,2801.6,2.7751,6.0863
249,3909.228,0.00125,0.051,1075.9,2602.1,1080.83,2801.32,2.7843,6.0793
250,3975.939,0.00125,0.050,1080.7,2601.9,1085.69,2801.01,2.7934,6.0722
251,4043.519,0.00125,0.049,1085.5,2601.6,1090.55,2800.68,2.8025,6.0652
252,4111.974,0.00126,0.048,1090.3,2601.4,1095.43,2800.33,2.8117,6.0582
253,4181.313,0.00126,0.048,1095.1,2601.1,1100.32,2799.96,2.8208,6.0511
254,4251.543,0.00126,0.047,1099.9,2600.8,1105.22,2799.56,2.8299,6.0441
255,4322.672,0.00126,0.046,1104.7,2600.5,1110.13,2799.13,2.8391,6.037
256,4394.707,0.00127,0.045,1109.5,2600.2,1115.04,2798.69,2.8482,6.03
257,4467.657,0.00127,0.044,1114.3,2599.9,1119.97,2798.21,2.8573,6.0229
258,4541.529,0.00127,0.044,1119.1,2599.5,1124.91,2797.71,2.8664,6.0158
259,4616.331,0.00127,0.043,1124,2599.1,1129.86,2797.19,2.8756,6.0088
260,4692.071,0.00128,0.042,1128.8,2598.8,1134.83,2796.64,2.8847,6.0017
261,4768.757,0.00128,0.042,1133.7,2598.3,1139.8,2796.07,2.8939,5.9946
262,4846.397,0.00128,0.041,1138.6,2597.9,1144.78,2795.47,2.903,5.9875
263,4925,0.00128,0.040,1143.5,2597.4,1149.78,2794.84,2.9121,5.9804
264,5004.572,0.00129,0.039,1148.3,2597,1154.79,2794.19,2.9213,5.9733
265,5085.123,0.00129,0.039,1153.3,2596.5,1159.81,2793.51,2.9304,5.9662
266,5166.66,0.00129,0.038,1158.2,2596,1164.84,2792.8,2.9396,5.959
267,5249.192,0.00129,0.038,1163.1,2595.4,1169.88,2792.07,2.9487,5.9519
268,5332.727,0.0013,0.037,1168,2594.9,1174.94,2791.3,2.9579,5.9448
269,5417.273,0.0013,0.036,1173,2594.3,1180.01,2790.51,2.967,5.9376
270,5502.839,0.0013,0.036,1177.9,2593.7,1185.09,2789.69,2.9762,5.9304
271,5589.434,0.00131,0.035,1182.9,2593,1190.19,2788.84,2.9853,5.9232
272,5677.064,0.00131,0.034,1187.9,2592.4,1195.3,2787.96,2.9945,5.916
273,5765.74,0.00131,0.034,1192.9,2591.7,1200.42,2787.05,3.0037,5.9088
274,5855.469,0.00131,0.033,1197.9,2591,1205.55,2786.11,3.0129,5.9016
275,5946.261,0.00132,0.033,1202.9,2590.3,1210.7,2785.14,3.0221,5.8943
276,6038.124,0.00132,0.032,1207.9,2589.6,1215.87,2784.14,3.0312,5.8871
277,6131.066,0.00132,0.032,1212.9,2588.8,1221.05,2783.11,3.0404,5.8798
278,6225.097,0.00133,0.031,1218,2588,1226.24,2782.05,3.0496,5.8725
279,6320.225,0.00133,0.031,1223,2587.2,1231.45,2780.95,3.0589,5.8652
280,6416.459,0.00133,0.030,1228.1,2586.3,1236.67,2779.82,3.0681,5.8578
281,6513.809,0.00134,0.030,1233.2,2585.5,1241.91,2778.66,3.0773,5.8505
282,6612.282,0.00134,0.029,1238.3,2584.6,1247.16,2777.47,3.0865,5.8431
283,6711.889,0.00134,0.029,1243.4,2583.7,1252.43,2776.24,3.0958,5.8357
284,6812.638,0.00135,0.028,1248.6,2582.7,1257.72,2774.97,3.105,5.8283
285,6914.539,0.00135,0.028,1253.7,2581.7,1263.02,2773.67,3.1143,5.8208
286,7017.6,0.00135,0.027,1258.9,2580.7,1268.34,2772.34,3.1236,5.8134
287,7121.832,0.00136,0.027,1264,2579.7,1273.68,2770.97,3.1329,5.8059
288,7227.243,0.00136,0.026,1269.2,2578.7,1279.03,2769.56,3.1421,5.7984
289,7333.844,0.00136,0.026,1274.4,2577.6,1284.41,2768.12,3.1515,5.7908
290,7441.643,0.00137,0.026,1279.6,2576.4,1289.8,2766.63,3.1608,5.7832
291,7550.65,0.00137,0.025,1284.9,2575.3,1295.2,2765.11,3.1701,5.7756
292,7660.875,0.00137,0.025,1290.1,2574.1,1300.63,2763.55,3.1794,5.768
293,7772.327,0.00138,0.024,1295.4,2572.9,1306.08,2761.95,3.1888,5.7603
294,7885.017,0.00138,0.024,1300.7,2571.7,1311.54,2760.31,3.1982,5.7526
295,7998.955,0.00138,0.024,1306,2570.4,1317.03,2758.63,3.2076,5.7449
296,8114.15,0.00139,0.023,1311.3,2569.1,1322.54,2756.9,3.217,5.7372
297,8230.613,0.00139,0.023,1316.6,2567.8,1328.06,2755.14,3.2264,5.7294
298,8348.353,0.0014,0.022,1322,2566.4,1333.61,2753.33,3.2358,5.7215
299,8467.381,0.0014,0.022,1327.3,2565,1339.18,2751.47,3.2453,5.7137
300,8587.708,0.0014,0.022,1332.7,2563.5,1344.77,2749.57,3.2547,5.7058
301,8709.344,0.00141,0.021,1338.1,2562.1,1350.39,2747.63,3.2642,5.6978
302,8832.299,0.00141,0.021,1343.5,2560.5,1356.02,2745.64,3.2737,5.6898
303,8956.585,0.00142,0.021,1349,2559,1361.68,2743.6,3.2833,5.6818
304,9082.211,0.00142,0.020,1354.5,2557.4,1367.37,2741.51,3.2928,5.6737
305,9209.189,0.00143,0.020,1359.9,2555.8,1373.07,2739.38,3.3024,5.6656
306,9337.53,0.00143,0.020,1365.5,2554.1,1378.81,2737.19,3.312,5.6575
307,9467.245,0.00143,0.019,1371,2552.4,1384.57,2734.95,3.3216,5.6492
308,9598.345,0.00144,0.019,1376.5,2550.6,1390.35,2732.66,3.3312,5.641
309,9730.841,0.00144,0.019,1382.1,2548.9,1396.16,2730.32,3.3409,5.6327
310,9864.746,0.00145,0.018,1387.7,2547,1402,2727.92,3.3506,5.6243
311,10000.07,0.00145,0.018,1393.3,2545.1,1407.87,2725.47,3.3603,5.6159
312,10136.825,0.00146,0.018,1399,2543.2,1413.77,2722.96,3.37,5.6074
313,10275.024,0.00146,0.017,1404.7,2541.2,1419.69,2720.39,3.3798,5.5989
314,10414.678,0.00147,0.017,1410.4,2539.2,1425.65,2717.77,3.3896,5.5903
315,10555.799,0.00147,0.017,1416.1,2537.2,1431.63,2715.08,3.3994,5.5816
316,10698.4,0.00148,0.017,1421.8,2535,1437.65,2712.33,3.4093,5.5729
317,10842.494,0.00148,0.016,1427.6,2532.9,1443.7,2709.51,3.4192,5.5641
318,10988.093,0.00149,0.016,1433.4,2530.6,1449.78,2706.63,3.4291,5.5553
319,11135.209,0.00149,0.016,1439.3,2528.4,1455.9,2703.68,3.4391,5.5463
320,11283.856,0.0015,0.016,1445.1,2526,1462.05,2700.67,3.4491,5.5373
321,11434.047,0.0015,0.015,1451,2523.7,1468.24,2697.58,3.4592,5.5282
322,11585.795,0.00151,0.015,1457,2521.2,1474.46,2694.42,3.4692,5.5191
323,11739.115,0.00152,0.015,1462.9,2518.7,1480.73,2691.19,3.4794,5.5098
324,11894.019,0.00152,0.014,1468.9,2516.1,1487.03,2687.87,3.4895,5.5005
325,12050.522,0.00153,0.014,1475,2513.5,1493.37,2684.48,3.4997,5.4911
326,12208.637,0.00153,0.014,1481,2510.8,1499.76,2681.01,3.51,5.4816
327,12368.38,0.00154,0.014,1487.1,2508,1506.18,2677.45,3.5203,5.4719
328,12529.765,0.00155,0.014,1493.3,2505.2,1512.66,2673.81,3.5307,5.4622
329,12692.808,0.00155,0.013,1499.5,2502.3,1519.17,2670.08,3.5411,5.4524
330,12857.522,0.00156,0.013,1505.7,2499.3,1525.74,2666.25,3.5516,5.4425
331,13023.924,0.00157,0.013,1511.9,2496.2,1532.35,2662.33,3.5621,5.4324
332,13192.029,0.00157,0.013,1518.2,2493.1,1539.02,2658.3,3.5727,5.4223
333,13361.854,0.00158,0.012,1524.6,2489.9,1545.74,2654.18,3.5833,5.412
334,13533.414,0.00159,0.012,1531,2486.6,1552.51,2649.95,3.594,5.4016
335,13706.727,0.0016,0.012,1537.5,2483.1,1559.34,2645.6,3.6048,5.391
336,13881.809,0.0016,0.012,1544,2479.6,1566.23,2641.14,3.6157,5.3803
337,14058.677,0.00161,0.011,1550.5,2476,1573.18,2636.57,3.6266,5.3694
338,14237.35,0.00162,0.011,1557.1,2472.3,1580.2,2631.86,3.6376,5.3584
339,14417.845,0.00163,0.011,1563.8,2468.5,1587.29,2627.03,3.6488,5.3473
340,14600.181,0.00164,0.011,1570.5,2464.6,1594.45,2622.07,3.6599,5.3359
341,14784.377,0.00165,0.011,1577.3,2460.6,1601.68,2616.96,3.6712,5.3244
342,14970.451,0.00166,0.010,1584.2,2456.4,1608.99,2611.71,3.6826,5.3127
343,15158.424,0.00166,0.010,1591.1,2452.1,1616.38,2606.3,3.6941,5.3008
344,15348.316,0.00167,0.010,1598.2,2447.7,1623.86,2600.74,3.7058,5.2886
345,15540.148,0.00168,0.010,1605.3,2443.2,1631.44,2595.01,3.7175,5.2763
346,15733.941,0.00169,0.010,1612.4,2438.5,1639.11,2589.1,3.7294,5.2637
347,15929.716,0.00171,0.009,1619.7,2433.6,1646.88,2583.02,3.7414,5.2509
348,16127.496,0.00172,0.009,1627.1,2428.6,1654.75,2576.74,3.7535,5.2378
349,16327.304,0.00173,0.009,1634.5,2423.5,1662.75,2570.27,3.7658,5.2245
350,16529.164,0.00174,0.009,1642.1,2418.1,1670.89,2563.63,3.7783,5.2109
351,16733.1,0.00175,0.009,1649.8,2412.6,1679.14,2556.72,3.791,5.197
352,16939.138,0.00177,0.008,1657.6,2406.9,1687.54,2549.56,3.8039,5.1827
353,17147.303,0.00178,0.008,1665.6,2400.9,1696.09,2542.14,3.8169,5.1681
354,17357.621,0.00179,0.008,1673.7,2394.7,1704.81,2534.45,3.8302,5.1531
355,17570.122,0.00181,0.008,1681.9,2388.2,1713.71,2526.45,3.8438,5.1377
356,17784.833,0.00182,0.008,1690.4,2381.5,1722.8,2518.13,3.8577,5.1218
357,18001.785,0.00184,0.008,1699,2374.5,1732.1,2509.46,3.8718,5.1054
358,18221.009,0.00186,0.007,1707.8,2367.2,1741.63,2500.4,3.8863,5.0885
359,18442.537,0.00188,0.007,1716.8,2359.4,1751.42,2490.93,3.9011,5.0709
360,18666.403,0.00189,0.007,1726.1,2351.4,1761.49,2480.99,3.9164,5.0527
361,18892.645,0.00192,0.007,1735.7,2342.8,1771.88,2470.53,3.9321,5.0338
362,19121.298,0.00194,0.007,1745.6,2333.8,1782.62,2459.49,3.9483,5.014
363,19352.406,0.00196,0.006,1755.8,2324.2,1793.78,2447.79,3.9651,4.9932
364,19586.011,0.00199,0.006,1766.5,2314,1805.41,2435.34,3.9827,4.9714
365,19822.162,0.00202,0.006,1777.6,2303,1817.59,2422.01,4.001,4.9482
366,20060.914,0.00205,0.006,1789.4,2291.1,1830.44,2407.62,4.0204,4.9235
367,20302.327,0.00208,0.006,1801.8,2278.2,1844.09,2391.98,4.041,4.8968
368,20546.474,0.00212,0.005,1815.2,2263.9,1858.77,2374.76,4.0631,4.8679
369,20793.448,0.00217,0.005,1829.7,2247.8,1874.79,2355.51,4.0872,4.8358
370,21043.367,0.00222,0.005,1845.9,2229.4,1892.64,2333.5,4.1142,4.7996
371,21296.405,0.00229,0.005,1864.5,2207.5,1913.25,2307.46,4.1453,4.7573
372,21552.836,0.00238,0.004,1887.2,2179.9,1938.54,2274.69,4.1836,4.7046
373,21813.163,0.00253,0.004,1919,2139.8,1974.14,2227.55,4.2377,4.6299
373.9,22051.673,0.00293,0.003,1991.3,2048.7,2055.82,2121.66,4.3631,4.4648
6.970,1,0.001,129.183,29.3,2384.5,29.3,2513.68,0.1059,8.9749
17.495,2,0.001,66.990,73.4,2398.9,73.43,2532.91,0.2606,8.7227
24.080,3,0.001,45.655,101,2407.9,100.99,2544.88,0.3543,8.5766
28.962,4,0.001,34.793,121.4,2414.5,121.4,2553.71,0.4224,8.4735
32.875,5,0.00101,28.186,137.8,2419.8,137.77,2560.77,0.4763,8.3939
36.160,6,0.00101,23.734,151.5,2424.3,151.49,2566.67,0.5209,8.3291
39.001,7,0.00101,20.525,163.4,2428.1,163.37,2571.76,0.5591,8.2746
41.510,8,0.00101,18.099,173.8,2431.4,173.85,2576.24,0.5925,8.2274
43.762,9,0.00101,16.200,183.3,2434.5,183.26,2580.25,0.6223,8.1859
45.808,10,0.00101,14.671,191.8,2437.2,191.81,2583.89,0.6492,8.1489
47.684,11,0.00101,13.412,199.6,2439.7,199.66,2587.21,0.6737,8.1155
49.420,12,0.00101,12.359,206.9,2442,206.91,2590.29,0.6963,8.085
51.035,13,0.00101,11.463,213.7,2444.1,213.66,2593.14,0.7172,8.057
52.548,14,0.00101,10.692,220,2446.1,219.99,2595.8,0.7366,8.0312
53.970,15,0.00101,10.020,225.9,2448,225.94,2598.3,0.7548,8.0071
55.314,16,0.00101,9.431,231.5,2449.8,231.55,2600.66,0.772,7.9847
56.588,17,0.00102,8.909,236.9,2451.4,236.88,2602.89,0.7882,7.9636
57.799,18,0.00102,8.443,241.9,2453,241.95,2605.01,0.8035,7.9437
58.954,19,0.00102,8.025,246.8,2454.5,246.78,2607.02,0.8181,7.925
60.059,20,0.00102,7.648,251.4,2456,251.4,2608.95,0.832,7.9072
61.117,21,0.00102,7.306,255.8,2457.4,255.83,2610.79,0.8452,7.8904
62.133,22,0.00102,6.994,260.1,2458.7,260.08,2612.55,0.8579,7.8743
63.111,23,0.00102,6.708,264.2,2460,264.17,2614.25,0.8701,7.8589
64.054,24,0.00102,6.446,268.1,2461.2,268.12,2615.88,0.8818,7.8442
64.963,25,0.00102,6.203,271.9,2462.4,271.93,2617.45,0.8931,7.8302
65.843,26,0.00102,5.979,275.6,2463.5,275.61,2618.96,0.904,7.8167
66.694,27,0.00102,5.771,279.1,2464.6,279.17,2620.43,0.9145,7.8037
67.518,28,0.00102,5.578,282.6,2465.7,282.62,2621.85,0.9246,7.7912
68.318,29,0.00102,5.397,285.9,2466.7,285.97,2623.22,0.9344,7.7791
69.095,30,0.00102,5.229,289.2,2467.7,289.23,2624.55,0.9439,7.7675
69.851,31,0.00102,5.070,292.4,2468.7,292.39,2625.84,0.9532,7.7562
70.586,32,0.00102,4.922,295.4,2469.6,295.47,2627.1,0.9621,7.7453
71.302,33,0.00102,4.782,298.4,2470.5,298.47,2628.32,0.9709,7.7348
72.000,34,0.00102,4.650,301.4,2471.4,301.4,2629.51,0.9793,7.7245
72.681,35,0.00102,4.525,304.2,2472.3,304.25,2630.67,0.9876,7.7146
73.345,36,0.00102,4.407,307,2473.1,307.04,2631.8,0.9956,7.705
73.994,37,0.00103,4.296,309.7,2474,309.76,2632.9,1.0035,7.6956
74.629,38,0.00103,4.190,312.4,2474.8,312.42,2633.97,1.0111,7.6865
75.249,39,0.00103,4.089,315,2475.6,315.02,2635.02,1.0186,7.6776
75.857,40,0.00103,3.993,317.5,2476.3,317.57,2636.05,1.0259,7.669
76.452,41,0.00103,3.902,320,2477.1,320.06,2637.05,1.033,7.6605
77.034,42,0.00103,3.815,322.5,2477.8,322.5,2638.04,1.04,7.6523
77.605,43,0.00103,3.732,324.9,2478.5,324.9,2639,1.0469,7.6443
78.165,44,0.00103,3.652,327.2,2479.2,327.25,2639.94,1.0535,7.6365
78.715,45,0.00103,3.576,329.5,2479.9,329.55,2640.86,1.0601,7.6288
79.254,46,0.00103,3.503,331.8,2480.6,331.82,2641.77,1.0665,7.6213
79.783,47,0.00103,3.433,334,2481.3,334.04,2642.65,1.0728,7.614
80.303,48,0.00103,3.366,336.2,2481.9,336.22,2643.52,1.079,7.6068
80.814,49,0.00103,3.302,338.3,2482.6,338.37,2644.38,1.0851,7.5998
81.317,50,0.00103,3.240,340.4,2483.2,340.48,2645.21,1.091,7.593
81.811,51,0.00103,3.181,342.5,2483.8,342.55,2646.04,1.0969,7.5862
82.297,52,0.00103,3.123,344.5,2484.4,344.59,2646.85,1.1026,7.5796
82.775,53,0.00103,3.068,346.5,2485,346.6,2647.64,1.1082,7.5732
83.246,54,0.00103,3.015,348.5,2485.6,348.58,2648.42,1.1138,7.5668
83.709,55,0.00103,2.964,350.5,2486.2,350.52,2649.19,1.1192,7.5606
84.166,56,0.00103,2.914,352.4,2486.8,352.44,2649.95,1.1246,7.5545
84.615,57,0.00103,2.866,354.3,2487.3,354.33,2650.69,1.1299,7.5485
85.058,58,0.00103,2.820,356.1,2487.9,356.19,2651.42,1.1351,7.5426
85.495,59,0.00103,2.775,358,2488.4,358.03,2652.14,1.1402,7.5368
85.926,60,0.00103,2.732,359.8,2488.9,359.84,2652.85,1.1452,7.5311
86.350,61,0.00103,2.690,361.6,2489.5,361.62,2653.55,1.1502,7.5255
86.769,62,0.00103,2.649,363.3,2490,363.38,2654.24,1.1551,7.52
87.183,63,0.00103,2.610,365.1,2490.5,365.12,2654.92,1.1599,7.5146
87.590,64,0.00103,2.572,366.8,2491,366.83,2655.59,1.1647,7.5092
87.993,65,0.00103,2.535,368.5,2491.5,368.53,2656.25,1.1694,7.504
88.390,66,0.00103,2.499,370.1,2492,370.2,2656.9,1.174,7.4988
88.783,67,0.00104,2.464,371.8,2492.5,371.85,2657.54,1.1785,7.4938
89.170,68,0.00104,2.430,373.4,2492.9,373.48,2658.18,1.183,7.4887
89.553,69,0.00104,2.397,375,2493.4,375.09,2658.8,1.1875,7.4838
89.932,70,0.00104,2.365,376.6,2493.9,376.68,2659.42,1.1919,7.479
90.305,71,0.00104,2.334,378.2,2494.3,378.25,2660.03,1.1962,7.4742
90.675,72,0.00104,2.303,379.7,2494.8,379.81,2660.63,1.2005,7.4694
91.040,73,0.00104,2.274,381.3,2495.2,381.34,2661.22,1.2047,7.4648
91.401,74,0.00104,2.245,382.8,2495.7,382.86,2661.81,1.2088,7.4602
91.758,75,0.00104,2.217,384.3,2496.1,384.37,2662.39,1.213,7.4557
92.111,76,0.00104,2.190,385.8,2496.5,385.85,2662.96,1.217,7.4512
92.460,77,0.00104,2.163,387.2,2497,387.32,2663.52,1.2211,7.4468
92.805,78,0.00104,2.137,388.7,2497.4,388.78,2664.08,1.225,7.4424
93.147,79,0.00104,2.112,390.1,2497.8,390.21,2664.63,1.229,7.4381
93.485,80,0.00104,2.087,391.6,2498.2,391.64,2665.18,1.2328,7.4339
93.820,81,0.00104,2.063,393,2498.6,393.05,2665.72,1.2367,7.4297
94.151,82,0.00104,2.040,394.4,2499,394.44,2666.25,1.2405,7.4256
94.479,83,0.00104,2.017,395.7,2499.4,395.82,2666.78,1.2442,7.4215
94.804,84,0.00104,1.994,397.1,2499.8,397.19,2667.3,1.2479,7.4175
95.125,85,0.00104,1.972,398.5,2500.2,398.55,2667.82,1.2516,7.4135
95.444,86,0.00104,1.951,399.8,2500.6,399.89,2668.33,1.2553,7.4095
95.759,87,0.00104,1.930,401.1,2500.9,401.22,2668.83,1.2589,7.4056
96.071,88,0.00104,1.909,402.4,2501.3,402.53,2669.33,1.2624,7.4018
96.381,89,0.00104,1.889,403.7,2501.7,403.84,2669.82,1.2659,7.398
96.687,90,0.00104,1.870,405,2502.1,405.13,2670.31,1.2694,7.3942
96.991,91,0.00104,1.850,406.3,2502.4,406.41,2670.8,1.2729,7.3905
97.292,92,0.00104,1.831,407.6,2502.8,407.68,2671.28,1.2763,7.3868
97.590,93,0.00104,1.813,408.8,2503.1,408.93,2671.75,1.2797,7.3832
97.885,94,0.00104,1.795,410.1,2503.5,410.18,2672.22,1.2831,7.3796
98.178,95,0.00104,1.777,411.3,2503.8,411.42,2672.69,1.2864,7.376
98.469,96,0.00104,1.760,412.5,2504.2,412.64,2673.15,1.2897,7.3725
98.757,97,0.00104,1.743,413.8,2504.5,413.85,2673.61,1.2929,7.369
99.042,98,0.00104,1.726,415,2504.9,415.06,2674.06,1.2962,7.3656
99.325,99,0.00104,1.710,416.1,2505.2,416.25,2674.51,1.2994,7.3622
99.606,100,0.00104,1.694,417.3,2505.5,417.44,2674.95,1.3026,7.3588
111.350,150,0.00105,1.159,466.9,2519.2,467.08,2693.11,1.4335,7.2229
120.212,200,0.00106,0.886,504.5,2529.1,504.68,2706.24,1.5301,7.1269
127.414,250,0.00107,0.719,535.1,2536.8,535.35,2716.5,1.6072,7.0524
133.525,300,0.00107,0.606,561.1,2543.2,561.46,2724.89,1.6718,6.9916
138.861,350,0.00108,0.524,583.9,2548.5,584.31,2731.97,1.7275,6.9401
143.613,400,0.00108,0.462,604.3,2553.1,604.72,2738.06,1.7766,6.8954
147.908,450,0.00109,0.414,622.7,2557.1,623.22,2743.39,1.8206,6.856
151.836,500,0.00109,0.375,639.6,2560.7,640.19,2748.11,1.8606,6.8206
155.462,550,0.0011,0.343,655.3,2563.9,655.88,2752.33,1.8972,6.7885
158.832,600,0.0011,0.316,669.8,2566.8,670.5,2756.14,1.9311,6.7592
161.986,650,0.0011,0.293,683.5,2569.4,684.22,2759.6,1.9626,6.7321
164.953,700,0.00111,0.273,696.4,2571.8,697.14,2762.75,1.9921,6.707
167.755,750,0.00111,0.256,708.6,2574,709.38,2765.64,2.0198,6.6835
170.414,800,0.00111,0.240,720.1,2576,721.02,2768.3,2.046,6.6615
172.943,850,0.00112,0.227,731.2,2577.9,732.11,2770.76,2.0708,6.6408
175.358,900,0.00112,0.215,741.7,2579.7,742.72,2773.04,2.0944,6.6212
177.669,950,0.00112,0.204,751.8,2581.3,752.9,2775.15,2.1169,6.6027
179.886,1000,0.00113,0.194,761.6,2582.8,762.68,2777.12,2.1384,6.585
184.070,1100,0.00113,0.177,780,2585.5,781.2,2780.67,2.1789,6.552
187.965,1200,0.00114,0.163,797.1,2587.9,798.5,2783.77,2.2163,6.5217
191.613,1300,0.00114,0.151,813.3,2590,814.76,2786.49,2.2512,6.4936
195.047,1400,0.00115,0.141,828.5,2591.8,830.13,2788.89,2.2839,6.4675
198.295,1500,0.00115,0.132,843,2593.5,844.72,2791.01,2.3147,6.4431
201.378,1600,0.00116,0.124,856.8,2594.9,858.61,2792.88,2.3438,6.42
204.315,1700,0.00116,0.117,869.9,2596.2,871.89,2794.53,2.3715,6.3983
207.120,1800,0.00117,0.110,882.5,2597.3,884.61,2795.99,2.3978,6.3776
209.806,1900,0.00117,0.105,894.6,2598.3,896.84,2797.26,2.4229,6.3579
212.385,2000,0.00118,0.100,906.3,2599.2,908.62,2798.38,2.447,6.3392
214.865,2100,0.00118,0.095,917.5,2600,919.99,2799.36,2.4701,6.3212
217.256,2200,0.00119,0.091,928.4,2600.7,930.98,2800.2,2.4924,6.304
219.564,2300,0.00119,0.087,938.9,2601.3,941.63,2800.92,2.5138,6.2874
221.795,2400,0.00119,0.083,949.1,2601.8,951.95,2801.54,2.5344,6.2714
223.956,2500,0.0012,0.080,959,2602.2,961.98,2802.04,2.5544,6.256
226.052,2600,0.0012,0.077,968.6,2602.5,971.74,2802.45,2.5738,6.2411
228.086,2700,0.00121,0.074,978,2602.8,981.24,2802.78,2.5925,6.2266
230.063,2800,0.00121,0.071,987.1,2603,990.5,2803.02,2.6107,6.2126
231.986,2900,0.00121,0.069,996,2603.2,999.54,2803.18,2.6284,6.199
233.858,3000,0.00122,0.067,1004.7,2603.3,1008.37,2803.26,2.6456,6.1858
235.684,3100,0.00122,0.065,1013.2,2603.3,1017,2803.28,2.6624,6.1729
237.464,3200,0.00122,0.063,1021.5,2603.3,1025.45,2803.24,2.6787,6.1604
239.203,3300,0.00123,0.061,1029.7,2603.3,1033.72,2803.13,2.6946,6.1481
240.901,3400,0.00123,0.059,1037.6,2603.2,1041.83,2802.96,2.7102,6.1362
242.562,3500,0.00123,0.057,1045.5,2603,1049.78,2802.74,2.7254,6.1245
244.186,3600,0.00124,0.055,1053.1,2602.9,1057.57,2802.47,2.7403,6.1131
245.776,3700,0.00124,0.054,1060.6,2602.6,1065.23,2802.15,2.7548,6.1019
247.334,3800,0.00125,0.053,1068,2602.4,1072.76,2801.78,2.769,6.091
248.861,3900,0.00125,0.051,1075.3,2602.1,1080.15,2801.36,2.783,6.0802
250.358,4000,0.00125,0.050,1082.4,2601.8,1087.43,2800.9,2.7967,6.0697
251.826,4100,0.00126,0.049,1089.4,2601.4,1094.58,2800.39,2.8101,6.0594
253.267,4200,0.00126,0.047,1096.3,2601.1,1101.63,2799.85,2.8232,6.0492
254.683,4300,0.00126,0.046,1103.1,2600.6,1108.57,2799.27,2.8362,6.0393
256.073,4400,0.00127,0.045,1109.8,2600.2,1115.4,2798.65,2.8488,6.0294
257.439,4500,0.00127,0.044,1116.4,2599.7,1122.14,2798,2.8613,6.0198
258.783,4600,0.00127,0.043,1122.9,2599.2,1128.79,2797.31,2.8736,6.0103
260.104,4700,0.00128,0.042,1129.3,2598.7,1135.34,2796.59,2.8857,6.001
261.404,4800,0.00128,0.041,1135.7,2598.2,1141.81,2795.83,2.8975,5.9917
262.683,4900,0.00128,0.040,1141.9,2597.6,1148.2,2795.04,2.9092,5.9827
263.943,5000,0.00129,0.039,1148.1,2597,1154.5,2794.23,2.9207,5.9737
265.183,5100,0.00129,0.039,1154.2,2596.4,1160.73,2793.38,2.9321,5.9649
266.405,5200,0.00129,0.038,1160.2,2595.7,1166.88,2792.51,2.9433,5.9562
267.610,5300,0.0013,0.037,1166.1,2595.1,1172.97,2791.6,2.9543,5.9475
268.797,5400,0.0013,0.036,1172,2594.4,1178.98,2790.67,2.9652,5.939
269.967,5500,0.0013,0.036,1177.8,2593.7,1184.92,2789.72,2.9759,5.9307
271.121,5600,0.00131,0.035,1183.5,2593,1190.81,2788.74,2.9865,5.9224
272.260,5700,0.00131,0.034,1189.2,2592.2,1196.63,2787.73,2.9969,5.9141
273.383,5800,0.00131,0.034,1194.8,2591.5,1202.39,2786.7,3.0072,5.906
274.492,5900,0.00132,0.033,1200.3,2590.7,1208.09,2785.64,3.0174,5.898
275.586,6000,0.00132,0.032,1205.8,2589.9,1213.73,2784.56,3.0274,5.8901
276.667,6100,0.00132,0.032,1211.3,2589.1,1219.32,2783.46,3.0374,5.8822
277.734,6200,0.00133,0.031,1216.6,2588.2,1224.86,2782.33,3.0472,5.8744
278.788,6300,0.00133,0.031,1222,2587.4,1230.34,2781.19,3.0569,5.8667
279.830,6400,0.00133,0.030,1227.3,2586.5,1235.78,2780.02,3.0665,5.8591
280.859,6500,0.00134,0.030,1232.5,2585.6,1241.17,2778.83,3.076,5.8515
281.876,6600,0.00134,0.029,1237.7,2584.7,1246.51,2777.62,3.0854,5.844
282.881,6700,0.00134,0.029,1242.8,2583.8,1251.81,2776.39,3.0947,5.8366
283.875,6800,0.00135,0.028,1247.9,2582.8,1257.06,2775.13,3.1039,5.8292
284.858,6900,0.00135,0.028,1253,2581.9,1262.27,2773.86,3.113,5.8219
285.830,7000,0.00135,0.027,1258,2580.9,1267.44,2772.57,3.122,5.8146
286.791,7100,0.00136,0.027,1262.9,2579.9,1272.57,2771.26,3.1309,5.8074
287.743,7200,0.00136,0.027,1267.9,2578.9,1277.65,2769.93,3.1398,5.8003
288.684,7300,0.00136,0.026,1272.8,2577.9,1282.7,2768.58,3.1485,5.7932
289.615,7400,0.00136,0.026,1277.6,2576.9,1287.72,2767.21,3.1572,5.7862
290.537,7500,0.00137,0.025,1282.4,2575.8,1292.7,2765.82,3.1658,5.7792
291.449,7600,0.00137,0.025,1287.2,2574.8,1297.64,2764.41,3.1743,5.7722
292.352,7700,0.00137,0.025,1292,2573.7,1302.55,2762.99,3.1827,5.7653
293.247,7800,0.00138,0.024,1296.7,2572.6,1307.42,2761.55,3.1911,5.7584
294.132,7900,0.00138,0.024,1301.4,2571.5,1312.27,2760.09,3.1994,5.7516
295.009,8000,0.00138,0.024,1306,2570.4,1317.08,2758.61,3.2077,5.7448
295.878,8100,0.00139,0.023,1310.6,2569.3,1321.86,2757.12,3.2158,5.7381
296.738,8200,0.00139,0.023,1315.2,2568.1,1326.61,2755.6,3.2239,5.7314
297.591,8300,0.00139,0.023,1319.8,2567,1331.34,2754.07,3.232,5.7247
298.435,8400,0.0014,0.022,1324.3,2565.8,1336.03,2752.52,3.2399,5.7181
299.272,8500,0.0014,0.022,1328.8,2564.6,1340.7,2750.96,3.2478,5.7115
300.102,8600,0.0014,0.022,1333.3,2563.4,1345.34,2749.38,3.2557,5.705
300.924,8700,0.00141,0.021,1337.7,2562.2,1349.96,2747.78,3.2635,5.6984
301.738,8800,0.00141,0.021,1342.1,2560.9,1354.54,2746.16,3.2712,5.6919
302.546,8900,0.00141,0.021,1346.5,2559.7,1359.11,2744.53,3.2789,5.6855
303.347,9000,0.00142,0.021,1350.9,2558.4,1363.65,2742.88,3.2866,5.679
304.141,9100,0.00142,0.020,1355.2,2557.2,1368.17,2741.22,3.2942,5.6726
304.928,9200,0.00142,0.020,1359.6,2555.9,1372.66,2739.53,3.3017,5.6662
305.709,9300,0.00143,0.020,1363.9,2554.6,1377.14,2737.83,3.3092,5.6598
306.483,9400,0.00143,0.020,1368.1,2553.3,1381.59,2736.12,3.3166,5.6535
307.251,9500,0.00144,0.019,1372.4,2552,1386.02,2734.38,3.324,5.6472
308.013,9600,0.00144,0.019,1376.6,2550.6,1390.43,2732.64,3.3313,5.6409
308.768,9700,0.00144,0.019,1380.8,2549.3,1394.81,2730.87,3.3386,5.6346
309.518,9800,0.00145,0.019,1385,2547.9,1399.18,2729.09,3.3459,5.6283
310.262,9900,0.00145,0.018,1389.2,2546.5,1403.54,2727.29,3.3531,5.6221
310.999,10000,0.00145,0.018,1393.3,2545.1,1407.87,2725.47,3.3603,5.6159
311.732,10100,0.00146,0.018,1397.5,2543.7,1412.18,2723.64,3.3674,5.6097
312.458,10200,0.00146,0.018,1401.6,2542.3,1416.48,2721.79,3.3745,5.6035
313.180,10300,0.00146,0.017,1405.7,2540.9,1420.76,2719.93,3.3816,5.5973
313.895,10400,0.00147,0.017,1409.8,2539.4,1425.02,2718.04,3.3886,5.5912
314.606,10500,0.00147,0.017,1413.8,2538,1429.27,2716.14,3.3956,5.585
315.311,10600,0.00147,0.017,1417.9,2536.5,1433.5,2714.23,3.4025,5.5789
316.011,10700,0.00148,0.017,1421.9,2535,1437.72,2712.3,3.4094,5.5728
316.706,10800,0.00148,0.016,1425.9,2533.5,1441.92,2710.35,3.4163,5.5667
317.396,10900,0.00148,0.016,1429.9,2532,1446.11,2708.38,3.4231,5.5606
318.081,11000,0.00149,0.016,1433.9,2530.5,1450.28,2706.39,3.43,5.5545
318.762,11100,0.00149,0.016,1437.9,2528.9,1454.44,2704.39,3.4367,5.5485
319.437,11200,0.0015,0.016,1441.8,2527.4,1458.58,2702.37,3.4435,5.5424
320.108,11300,0.0015,0.015,1445.8,2525.8,1462.72,2700.34,3.4502,5.5363
320.774,11400,0.0015,0.015,1449.7,2524.2,1466.84,2698.28,3.4569,5.5303
321.436,11500,0.00151,0.015,1453.6,2522.6,1470.95,2696.21,3.4636,5.5243
322.093,11600,0.00151,0.015,1457.5,2521,1475.05,2694.12,3.4702,5.5182
322.746,11700,0.00151,0.015,1461.4,2519.3,1479.13,2692.02,3.4768,5.5122
323.394,11800,0.00152,0.015,1465.3,2517.7,1483.21,2689.89,3.4834,5.5062
324.038,11900,0.00152,0.014,1469.2,2516,1487.27,2687.75,3.4899,5.5001
324.678,12000,0.00153,0.014,1473,2514.4,1491.33,2685.58,3.4965,5.4941
325.314,12100,0.00153,0.014,1476.9,2512.7,1495.37,2683.4,3.503,5.4881
325.946,12200,0.00153,0.014,1480.7,2511,1499.41,2681.2,3.5095,5.4821
326.573,12300,0.00154,0.014,1484.5,2509.2,1503.43,2678.98,3.5159,5.4761
327.197,12400,0.00154,0.014,1488.3,2507.5,1507.45,2676.74,3.5224,5.47
327.816,12500,0.00155,0.014,1492.1,2505.7,1511.46,2674.49,3.5288,5.464
328.432,12600,0.00155,0.013,1495.9,2504,1515.47,2672.21,3.5352,5.458
329.044,12700,0.00155,0.013,1499.7,2502.2,1519.46,2669.91,3.5415,5.452
329.652,12800,0.00156,0.013,1503.5,2500.4,1523.45,2667.59,3.5479,5.4459
330.256,12900,0.00156,0.013,1507.3,2498.5,1527.43,2665.25,3.5543,5.4399
330.857,13000,0.00157,0.013,1511,2496.7,1531.4,2662.89,3.5606,5.4339
331.454,13100,0.00157,0.013,1514.8,2494.8,1535.37,2660.51,3.5669,5.4278
332.047,13200,0.00157,0.013,1518.5,2492.9,1539.33,2658.11,3.5732,5.4218
332.637,13300,0.00158,0.012,1522.3,2491.1,1543.29,2655.69,3.5794,5.4157
333.223,13400,0.00158,0.012,1526,2489.1,1547.24,2653.24,3.5857,5.4097
333.806,13500,0.00159,0.012,1529.8,2487.2,1551.19,2650.77,3.592,5.4036
334.385,13600,0.00159,0.012,1533.5,2485.3,1555.14,2648.28,3.5982,5.3975
334.961,13700,0.0016,0.012,1537.2,2483.3,1559.08,2645.77,3.6044,5.3914
335.534,13800,0.0016,0.012,1540.9,2481.3,1563.01,2643.24,3.6106,5.3853
336.103,13900,0.00161,0.012,1544.6,2479.3,1566.95,2640.68,3.6168,5.3792
336.669,14000,0.00161,0.012,1548.3,2477.2,1570.88,2638.09,3.623,5.373
337.232,14100,0.00161,0.011,1552,2475.2,1574.81,2635.49,3.6292,5.3669
337.792,14200,0.00162,0.011,1555.7,2473.1,1578.74,2632.85,3.6353,5.3607
338.348,14300,0.00162,0.011,1559.4,2471,1582.66,2630.2,3.6415,5.3546
338.902,14400,0.00163,0.011,1563.1,2468.9,1586.59,2627.51,3.6477,5.3484
339.452,14500,0.00163,0.011,1566.8,2466.8,1590.51,2624.81,3.6538,5.3422
339.999,14600,0.00164,0.011,1570.5,2464.6,1594.44,2622.07,3.6599,5.3359
340.543,14700,0.00164,0.011,1574.2,2462.4,1598.37,2619.31,3.6661,5.3297
341.084,14800,0.00165,0.011,1577.9,2460.2,1602.29,2616.52,3.6722,5.3234
341.623,14900,0.00165,0.010,1581.6,2458,1606.22,2613.71,3.6783,5.3171
342.158,15000,0.00166,0.010,1585.3,2455.8,1610.15,2610.86,3.6844,5.3108
342.690,15100,0.00166,0.010,1589,2453.5,1614.08,2607.99,3.6906,5.3045
343.220,15200,0.00167,0.010,1592.7,2451.2,1618.02,2605.09,3.6967,5.2981
343.747,15300,0.00167,0.010,1596.4,2448.9,1621.96,2602.16,3.7028,5.2917
344.270,15400,0.00168,0.010,1600.1,2446.5,1625.9,2599.21,3.7089,5.2853
344.792,15500,0.00168,0.010,1603.8,2444.1,1629.85,2596.22,3.715,5.2789
345.310,15600,0.00169,0.010,1607.5,2441.7,1633.8,2593.2,3.7212,5.2724
345.826,15700,0.00169,0.010,1611.2,2439.3,1637.76,2590.15,3.7273,5.2659
346.339,15800,0.0017,0.010,1614.9,2436.9,1641.72,2587.06,3.7334,5.2594
346.849,15900,0.0017,0.009,1618.6,2434.4,1645.69,2583.95,3.7395,5.2529
347.357,16000,0.00171,0.009,1622.3,2431.9,1649.67,2580.8,3.7457,5.2463
347.862,16100,0.00172,0.009,1626,2429.3,1653.66,2577.62,3.7518,5.2397
348.364,16200,0.00172,0.009,1629.8,2426.8,1657.65,2574.41,3.758,5.233
348.864,16300,0.00173,0.009,1633.5,2424.2,1661.65,2571.16,3.7641,5.2263
349.361,16400,0.00173,0.009,1637.3,2421.6,1665.66,2567.88,3.7703,5.2196
349.856,16500,0.00174,0.009,1641,2418.9,1669.68,2564.57,3.7765,5.2129
350.349,16600,0.00174,0.009,1644.8,2416.2,1673.75,2561.25,3.7827,5.2061
350.838,16700,0.00175,0.009,1648.6,2413.5,1677.8,2557.85,3.7889,5.1993
351.326,16800,0.00176,0.009,1652.4,2410.8,1681.86,2554.41,3.7952,5.1924
351.811,16900,0.00176,0.009,1656.1,2408,1685.94,2550.93,3.8014,5.1855
352.293,17000,0.00177,0.008,1660,2405.1,1690.04,2547.41,3.8077,5.1785
352.774,17100,0.00178,0.008,1663.8,2402.3,1694.15,2543.85,3.814,5.1715
353.252,17200,0.00178,0.008,1667.6,2399.4,1698.27,2540.23,3.8203,5.1644
353.727,17300,0.00179,0.008,1671.5,2396.4,1702.42,2536.58,3.8266,5.1572
354.200,17400,0.0018,0.008,1675.3,2393.4,1706.58,2532.87,3.8329,5.1501
354.671,17500,0.0018,0.008,1679.2,2390.4,1710.76,2529.11,3.8393,5.1428
355.140,17600,0.00181,0.008,1683.1,2387.3,1714.97,2525.31,3.8457,5.1355
355.606,17700,0.00182,0.008,1687,2384.2,1719.19,2521.45,3.8522,5.1281
356.070,17800,0.00182,0.008,1691,2381,1723.45,2517.53,3.8586,5.1207
356.532,17900,0.00183,0.008,1694.9,2377.8,1727.72,2513.56,3.8651,5.1131
356.992,18000,0.00184,0.008,1698.9,2374.6,1732.02,2509.53,3.8717,5.1055
357.449,18100,0.00185,0.007,1702.9,2371.2,1736.35,2505.44,3.8783,5.0979
357.905,18200,0.00186,0.007,1707,2367.9,1740.71,2501.28,3.8849,5.0901
358.358,18300,0.00186,0.007,1711,2364.4,1745.1,2497.06,3.8915,5.0823
358.809,18400,0.00187,0.007,1715.1,2361,1749.53,2492.77,3.8982,5.0743
359.258,18500,0.00188,0.007,1719.2,2357.4,1753.99,2488.41,3.905,5.0663
359.704,18600,0.00189,0.007,1723.4,2353.8,1758.48,2483.98,3.9118,5.0582
360.149,18700,0.0019,0.007,1727.5,2350.1,1763.02,2479.46,3.9187,5.05
360.592,18800,0.00191,0.007,1731.8,2346.4,1767.6,2474.86,3.9256,5.0416
361.032,18900,0.00192,0.007,1736,2342.5,1772.22,2470.18,3.9326,5.0332
361.471,19000,0.00193,0.007,1740.3,2338.6,1776.89,2465.41,3.9396,5.0246
361.907,19100,0.00194,0.007,1744.6,2334.6,1781.61,2460.54,3.9468,5.0159
362.342,19200,0.00195,0.007,1749,2330.6,1786.39,2455.57,3.954,5.007
362.774,19300,0.00196,0.006,1753.5,2326.4,1791.22,2450.5,3.9613,4.998
363.205,19400,0.00197,0.006,1758,2322.2,1796.12,2445.31,3.9687,4.9888
363.633,19500,0.00198,0.006,1762.5,2317.8,1801.08,2440.01,3.9762,4.9795
364.060,19600,0.00199,0.006,1767.1,2313.3,1806.12,2434.57,3.9837,4.97
364.484,19700,0.002,0.006,1771.8,2308.8,1811.23,2429,3.9915,4.9603
364.907,19800,0.00201,0.006,1776.6,2304,1816.43,2423.29,3.9993,4.9504
365.327,19900,0.00203,0.006,1781.4,2299.2,1821.71,2417.42,4.0073,4.9403
365.746,20000,0.00204,0.006,1786.3,2294.2,1827.1,2411.39,4.0154,4.9299
366.163,20100,0.00205,0.006,1791.3,2289.1,1832.6,2405.17,4.0237,4.9193
366.577,20200,0.00207,0.006,1796.5,2283.8,1838.21,2398.76,4.0321,4.9083
366.990,20300,0.00208,0.006,1801.7,2278.3,1843.96,2392.13,4.0408,4.8971
367.401,20400,0.0021,0.006,1807.1,2272.6,1849.85,2385.28,4.0496,4.8855
367.811,20500,0.00211,0.005,1812.6,2266.7,1855.9,2378.16,4.0588,4.8736
368.218,20600,0.00213,0.005,1818.2,2260.5,1862.13,2370.76,4.0681,4.8612
368.623,20700,0.00215,0.005,1824.1,2254.1,1868.56,2363.04,4.0778,4.8483
369.026,20800,0.00217,0.005,1830.1,2247.4,1875.23,2354.97,4.0879,4.8349
369.428,20900,0.00219,0.005,1836.4,2240.3,1882.16,2346.49,4.0983,4.8209
369.827,21000,0.00221,0.005,1843,2232.8,1889.4,2337.54,4.1093,4.8062
370.225,21100,0.00224,0.005,1849.8,2224.9,1896.99,2328.06,4.1207,4.7907
370.621,21200,0.00226,0.005,1857.1,2216.4,1905.02,2317.94,4.1329,4.7742
371.014,21300,0.00229,0.005,1864.8,2207.2,1913.57,2307.05,4.1458,4.7566
371.406,21400,0.00232,0.005,1873,2197.2,1922.77,2295.22,4.1597,4.7375
371.795,21500,0.00236,0.005,1882.1,2186.2,1932.81,2282.19,4.1749,4.7166
372.182,21600,0.0024,0.004,1892.1,2173.9,1943.96,2267.57,4.1918,4.6933
372.567,21700,0.00245,0.004,1903.5,2159.6,1956.7,2250.75,4.2112,4.6666
372.950,21800,0.00252,0.004,1917,2142.4,1971.88,2230.56,4.2343,4.6347
373.330,21900,0.0026,0.004,1934.4,2120.1,1991.44,2204.48,4.2641,4.5937
373.707,22000,0.00275,0.004,1961.4,2085.5,2021.91,2164.2,4.3109,4.5308
